{
  "Author": "Asvel",
  "Name": "Literal Map Link",
  "InternalName": "LiteralMapLink",
  "AssemblyVersion": "1.1.8.0",
  "Description": "Turn map coordinates literal into interactable map link when you post in-game chat messages.",
  "ApplicableVersion": "any",
  "RepoUrl": "https://github.com/Asvel/ffxiv-literal-map-link",
  "Tags": [
    "Utility",
    "Social"
  ],
  "DalamudApiLevel": 11,
  "LoadRequiredState": 0,
  "LoadSync": false,
  "CanUnloadAsync": false,
  "LoadPriority": 0,
  "Punchline": "Turn map coordinates literal into interactable map link.",
  "AcceptsFeedback": true
}